{"cameraMode":{"drawMode":0,"name":"Shaded","section":"Shading Mode"},"sceneLighting":true,"audioPlay":false,"sceneViewState":{"m_AlwaysRefresh":false,"showFog":true,"showSkybox":true,"showFlares":true,"showImageEffects":true,"showParticleSystems":true,"showVisualEffectGraphs":true,"m_FxEnabled":true},"in2DMode":false,"pivot":{"x":1173.5565185546875,"y":916.0975341796875,"z":-52.55617904663086},"rotation":{"x":-0.06596648693084717,"y":-0.0017406517872586847,"z":0.00027450575726106763,"w":-0.9979484677314758},"size":780.9734497070313,"orthographic":false}