{"cameraMode":{"drawMode":0,"name":"Shaded","section":"Shading Mode"},"sceneLighting":true,"audioPlay":false,"sceneViewState":{"m_AlwaysRefresh":false,"showFog":true,"showSkybox":true,"showFlares":true,"showImageEffects":true,"showParticleSystems":true,"showVisualEffectGraphs":true,"m_FxEnabled":true},"in2DMode":false,"pivot":{"x":1365.6453857421875,"y":468.2677917480469,"z":60.38230895996094},"rotation":{"x":-0.015603456646203995,"y":-0.016144970431923868,"z":0.00034533572033979,"w":-0.9998348355293274},"size":1148.1016845703125,"orthographic":false}