{"cameraMode":{"drawMode":0,"name":"Shaded","section":"Shading Mode"},"sceneLighting":true,"audioPlay":false,"sceneViewState":{"m_AlwaysRefresh":false,"showFog":true,"showSkybox":true,"showFlares":true,"showImageEffects":true,"showParticleSystems":true,"showVisualEffectGraphs":true,"m_FxEnabled":true},"in2DMode":false,"pivot":{"x":16.507305145263673,"y":1.95866858959198,"z":29.336938858032228},"rotation":{"x":-0.14380663633346559,"y":-0.008015071973204613,"z":0.0011758569162338973,"w":-0.989596426486969},"size":4.451647758483887,"orthographic":false}